CancelType,CleanupType,CancelRegisteringMs
FunctionPointerExchangeDifferentCompUnit,ErrorReturn,0.00119
AtomicEnum,Exception,0.00155
FunctionPointerExchange,ErrorReturn,0.00161
AtomicEnum,ErrorReturn,0.00163
FunctionPointerExchangeCallConv,ErrorReturn,0.00175
FunctionPointerExchange,Exception,0.00182
FunctionExchange,Exception,0.00303
FunctionExchange,ErrorReturn,0.00315
Union,ErrorReturn,0.00993
Union,Exception,0.01011
Interval,ErrorReturn,9.05286
Interval,Exception,9.06794
FunctionPointerExchangeDifferentCompUnit,Exception,
FunctionPointerExchangeJustExec,Exception,
